SK_ID_CURR,CODE_GENDER,NAME_INCOME_TYPE
251786,F,Commercial associate
345761,M,Working
413335,M,Commercial associate
178745,F,Working
140196,F,State servant
345234,M,Working
185637,F,Working
225850,F,Working
423140,F,Working
240089,M,Commercial associate
402803,F,Working
418514,M,Working
138377,F,Working
301734,F,State servant
442190,M,Working
190884,M,Commercial associate
309777,F,Commercial associate
257777,F,Working
207718,F,Working
388187,M,Working
186113,F,Working
257545,M,Working
354818,F,Commercial associate
242833,F,Commercial associate
343436,M,Working
215257,F,Working
285305,M,Commercial associate
153759,M,Commercial associate
133956,M,Working
393318,M,Commercial associate
433680,M,Working
252865,M,Working
305698,F,Commercial associate
439990,F,Commercial associate
239765,F,Working
327823,F,Working
306820,M,Working
246872,M,Working
179256,M,Working
114686,F,Working
428654,F,Working
322093,M,Working
431931,M,Commercial associate
332722,M,Working
101092,F,Working
247910,F,Working
406143,F,Commercial associate
245604,F,Commercial associate
355572,F,State servant
329177,M,Commercial associate
247086,F,Working
368273,F,State servant
104473,M,Commercial associate
401086,M,Working
234502,F,Working
257665,M,Working
274927,F,State servant
131354,F,Commercial associate
168521,M,Commercial associate
387360,M,Working
405765,F,Working
273579,F,Commercial associate
204061,F,Working
242182,M,Commercial associate
230226,M,Working
143166,M,Working
309942,F,Commercial associate
178226,F,Working
137827,F,Commercial associate
325185,M,Working
225792,F,State servant
196799,F,State servant
391798,M,Working
404276,F,Commercial associate
204196,M,Working
237845,F,Working
199833,F,Working
193672,F,Working
300368,F,State servant
151186,M,Commercial associate
